sr_thullium	sr_thullium
sr_sorium_3	sr_sorium_3
sr_magnetite	sr_magnetite
sr_xerodine	sr_xerodine
sr_hyperfuels	sr_hyperfuels
sr_scritch	sr_scritch
sr_prismatic_crystals	sr_prismatic_crystals
sr_hyper_diamond	sr_hyper_diamond
sr_helium	sr_helium
sr_cavorite	sr_cavorite
sr_illum	sr_illum
sr_ex_terraform_gases	sr_ex_terraform_gases
sr_ex_terraform_liquids	sr_ex_terraform_liquids
sr_ex_zro	sr_ex_zro
sr_ex_living_metal	sr_ex_living_metal
sr_ex_yuranic	sr_ex_yuranic
sr_ex_teldar	sr_ex_teldar
sr_ex_orillium	sr_ex_orillium
sr_ex_neutronium	sr_ex_neutronium
sr_ex_garanthium	sr_ex_garanthium
sr_ex_lythuric	sr_ex_lythuric
sr_ex_dark_matter	sr_ex_dark_matter
